{"cameraMode":{"drawMode":0,"name":"Shaded","section":"Shading Mode"},"sceneLighting":false,"audioPlay":false,"sceneViewState":{"showFog":true,"showMaterialUpdate":false,"showSkybox":false,"showFlares":true,"showImageEffects":true,"showParticleSystems":true},"in2DMode":false,"pivot":{"x":0.20078594982624055,"y":7.006742000579834,"z":-3.2502927780151369},"rotation":{"x":0.4221702814102173,"y":-0.014955328777432442,"z":0.006968123372644186,"w":0.9063773155212402},"size":22.0,"orthographic":false}