{"cameraMode":{"drawMode":0,"name":"Shaded","section":"Shading Mode"},"sceneLighting":true,"audioPlay":false,"sceneViewState":{"showFog":true,"showMaterialUpdate":false,"showSkybox":true,"showFlares":true,"showImageEffects":true,"showParticleSystems":true},"in2DMode":false,"pivot":{"x":590.0289306640625,"y":462.09222412109377,"z":219.88360595703126},"rotation":{"x":0.01499918382614851,"y":0.005999287590384483,"z":-0.00009000105637824163,"w":0.9998698830604553},"size":1124.6500244140625,"orthographic":false}